{
 "_global": [
  0.9086151364248051,
  1.0970060613965515
 ],
 "_meta": {
  "point_method": "C1_grid_adapted",
  "cutoff": "2025-01",
  "n_cal": 4315,
  "nominal": [
   0.075,
   0.925
  ],
  "candidates_sha1": "ceb18bb0b3deab01df41d471d5c217dd98188c07"
 },
 "6-15|RCR": [
  0.9299885693603969,
  1.0803736447571621
 ],
 "16+|OCR": [
  0.9428065256184743,
  1.1036966513469764
 ],
 "16+|CCR": [
  0.8809382626929642,
  1.0739503816970006
 ],
 "16+|RCR": [
  0.9170715359681385,
  1.0823055537230417
 ],
 "3-5|CCR": [
  0.8173292820046638,
  1.0799588806693374
 ],
 "6-15|OCR": [
  0.9208853315554508,
  1.1056807362530432
 ],
 "3-5|OCR": [
  0.8878352238888292,
  1.101323468268391
 ],
 "3-5|RCR": [
  0.8992498758602665,
  1.1414905630390466
 ],
 "6-15|CCR": [
  0.860092321672118,
  1.0621994763723317
 ],
 "1-2|RCR": [
  0.8905873703867355,
  1.125326249615549
 ],
 "1-2|CCR": [
  0.9094278237637783,
  1.1120447607704136
 ],
 "_seg|RCR": [
  0.9146421398156016,
  1.0937353029318668
 ],
 "_seg|OCR": [
  0.9318189032482761,
  1.1040591737633547
 ],
 "_seg|CCR": [
  0.8515769023410155,
  1.0739214978297993
 ]
}