{
 "_global": [
  0.9016724011129086,
  1.1042490238320024
 ],
 "_meta": {
  "point_method": "C1_grid_adapted",
  "cutoff": "2025-01",
  "n_cal": 4315,
  "nominal": [
   0.075,
   0.925
  ]
 },
 "16+|RCR": [
  0.9124391859512438,
  1.0873336578752277
 ],
 "16+|OCR": [
  0.93403263836505,
  1.1111702646725434
 ],
 "16+|CCR": [
  0.866813871160484,
  1.078242714626337
 ],
 "6-15|RCR": [
  0.9144139441906345,
  1.1094117079391477
 ],
 "3-5|CCR": [
  0.7999891685395879,
  1.081988935068143
 ],
 "6-15|OCR": [
  0.9041928440409795,
  1.105054047642918
 ],
 "3-5|OCR": [
  0.8850582100683833,
  1.109001886865139
 ],
 "6-15|CCR": [
  0.835704538741938,
  1.0732785146166248
 ],
 "3-5|RCR": [
  0.8967309167985923,
  1.1401678832814992
 ],
 "1-2|RCR": [
  0.8905873703867355,
  1.125326249615549
 ],
 "1-2|CCR": [
  0.8963539648256038,
  1.109936770601968
 ],
 "_seg|RCR": [
  0.9075611733925101,
  1.0972673494739655
 ],
 "_seg|OCR": [
  0.9241966176986092,
  1.1107072704544965
 ],
 "_seg|CCR": [
  0.8461553815786566,
  1.0825428912378783
 ]
}