{
 "_global": [
  0.8203128372910318,
  1.2360088013972623
 ],
 "_meta": {
  "point_method": "LV1_landed_engine",
  "cutoff": "2025-01",
  "n_cal": 3518,
  "nominal": [
   0.1,
   0.9
  ],
  "heldout_coverage": 0.7891,
  "heldout_width": 0.3991,
  "code_sha1": "0c93ca2ccf2aa26edf1d9e7dab6050ad7ff1cae5"
 },
 "1-2|Semi-detached": [
  0.8215597220092873,
  1.2720741975437944
 ],
 "6-15|Terrace": [
  0.887693743430553,
  1.2024716080693834
 ],
 "1-2|Terrace": [
  0.8141047639267522,
  1.2684285547077083
 ],
 "3-5|Terrace": [
  0.8428259209480176,
  1.2413906965316495
 ],
 "0|Detached": [
  0.7106208487629577,
  1.3579934795429627
 ],
 "3-5|Semi-detached": [
  0.7539150927783627,
  1.2214013569956985
 ],
 "6-15|Semi-detached": [
  0.8215870035223853,
  1.1881033919063535
 ],
 "16+|Terrace": [
  0.8429892466815195,
  1.2237257856099646
 ],
 "16+|Semi-detached": [
  0.7912747307696887,
  1.2722622398494798
 ],
 "1-2|Detached": [
  0.8578389927825986,
  1.2363560148166943
 ],
 "0|Terrace": [
  0.8634654473600798,
  1.2104902543867146
 ],
 "0|Semi-detached": [
  0.7936187256088355,
  1.2097419211432774
 ],
 "6-15|Detached": [
  0.7382403995869832,
  1.320084434221195
 ],
 "3-5|Detached": [
  0.7754264703740752,
  1.3575206497235697
 ],
 "_type|Semi-detached": [
  0.797504106030179,
  1.2216090974304592
 ],
 "_type|Terrace": [
  0.8512555160724495,
  1.2246302792743085
 ],
 "_type|Detached": [
  0.7618051792701218,
  1.3220961113538021
 ]
}