{
 "_global": [
  0.8214716713364562,
  1.2403734843320613
 ],
 "_meta": {
  "point_method": "LV1_landed_engine",
  "cutoff": "2025-01",
  "n_cal": 3518,
  "nominal": [
   0.1,
   0.9
  ],
  "heldout_coverage": 0.782,
  "heldout_width": 0.3986,
  "code_sha1": "534035e9399b99775437cc597dde719f69b9a8cc"
 },
 "1-2|Semi-detached": [
  0.8254271825667281,
  1.259453510527247
 ],
 "6-15|Terrace": [
  0.8931493643281607,
  1.2036696683696666
 ],
 "1-2|Terrace": [
  0.8114484670754721,
  1.2887651744377173
 ],
 "3-5|Terrace": [
  0.8565482817342672,
  1.260279954443269
 ],
 "0|Detached": [
  0.728757658332042,
  1.3572353396829602
 ],
 "3-5|Semi-detached": [
  0.7747067022264487,
  1.2148333771919333
 ],
 "6-15|Semi-detached": [
  0.8401054231493401,
  1.2011914243492388
 ],
 "16+|Terrace": [
  0.8472248928506071,
  1.223562052498736
 ],
 "16+|Semi-detached": [
  0.7985641991208422,
  1.2650414879864467
 ],
 "1-2|Detached": [
  0.8549520147710192,
  1.259188247953092
 ],
 "0|Terrace": [
  0.862831125128904,
  1.203947324191581
 ],
 "0|Semi-detached": [
  0.7892108809015558,
  1.2305059964593297
 ],
 "6-15|Detached": [
  0.7615083104757149,
  1.2932025024050946
 ],
 "3-5|Detached": [
  0.7680059222622533,
  1.377332770521247
 ],
 "_type|Semi-detached": [
  0.794242006782962,
  1.2228798055512635
 ],
 "_type|Terrace": [
  0.856530316484976,
  1.2301257085191037
 ],
 "_type|Detached": [
  0.7608297159026536,
  1.338939590987746
 ]
}