{
 "_global": [
  0.7972409176263006,
  1.207348211144559
 ],
 "_meta": {
  "point_method": "LV1_landed_engine",
  "cutoff": "2025-01",
  "n_cal": 3518,
  "nominal": [
   0.1,
   0.9
  ],
  "heldout_coverage": 0.7749,
  "heldout_width": 0.3924,
  "code_sha1": "0c93ca2ccf2aa26edf1d9e7dab6050ad7ff1cae5"
 },
 "1-2|Semi-detached": [
  0.7919906077051739,
  1.2431613177924357
 ],
 "6-15|Terrace": [
  0.8586548204040803,
  1.1748664058559146
 ],
 "1-2|Terrace": [
  0.8007400449525498,
  1.2447327081845578
 ],
 "3-5|Terrace": [
  0.8287988999965143,
  1.2075742025902345
 ],
 "0|Detached": [
  0.6901654451113065,
  1.3111669010420348
 ],
 "3-5|Semi-detached": [
  0.733882492232399,
  1.1982865608290816
 ],
 "6-15|Semi-detached": [
  0.7953512173210258,
  1.1614678154469622
 ],
 "16+|Terrace": [
  0.8287845855408457,
  1.188467274645951
 ],
 "16+|Semi-detached": [
  0.7529553497477599,
  1.2204977958243486
 ],
 "1-2|Detached": [
  0.8394114616473078,
  1.2104016582088806
 ],
 "0|Terrace": [
  0.8404076397256489,
  1.1883165029597647
 ],
 "0|Semi-detached": [
  0.7764664067582628,
  1.184019247566726
 ],
 "6-15|Detached": [
  0.7242520796226256,
  1.2849893706200204
 ],
 "3-5|Detached": [
  0.7469834319074803,
  1.3159428131561561
 ],
 "_type|Semi-detached": [
  0.7768615255868189,
  1.1970332469351395
 ],
 "_type|Terrace": [
  0.8315387555782751,
  1.1924484467565204
 ],
 "_type|Detached": [
  0.734313792399988,
  1.2945866014928509
 ]
}